{"nodes":{"node:1":{"location":{"x":-224,"y":-144}}},"selection":["node:1"],"view":{"scroll":{"x":-675.26434326171875,"y":-442.42547607421875},"visible_rect":{"max":{"x":-82.9057464599609375,"y":-93.7701950073242188},"min":{"x":-270.10577392578125,"y":-176.970199584960938}},"zoom":2.4999997615814209}}